Feature,Importance
actual_price,0.27676309164739205
discounted_price,0.26802264248468516
discount_percentage,0.22528579319831243
rating,0.15571098367573577
category_encoded,0.07421748899387463
